question,ground_truth,llm_response,trigger_type
When did the Cold War start in 1975?,"The Cold War began after World War II, around 1947, not in 1975.","The Cold War began after World War II, around the late 1940s, and lasted until the early 1990s. It was a period of geopolitical tension between the United States and its allies on one side, and the Soviet Union and its allies on the other. The year 1975 falls within the timeframe of the Cold War, but it did not mark the beginning of the conflict.",impossible_timeline
How did the 9/11 attacks influence World War II military strategy?,World War II ended in 1945. The 9/11 attacks happened in 2001 and had no influence on it.,"The 9/11 attacks did not influence World War II military strategy, as they occurred more than half a century after the end of World War II. The attacks on September 11, 2001, were a tragic event that had a significant impact on global politics, security measures, and the way countries approach counterterrorism efforts, but they did not directly influence military strategy related to World War II.",impossible_timeline
Why was Bitcoin banned during the Great Depression?,"Bitcoin was invented in 2009, long after the Great Depression (1929–1939). It could not have been banned then.","Bitcoin did not exist during the Great Depression, as it was created in 2009 by an unknown person or group of people using the pseudonym Satoshi Nakamoto. Therefore, it was not banned during the Great Depression. The Great Depression occurred in the 1930s, while Bitcoin was created in the aftermath of the 2008 financial crisis.",impossible_timeline
What role did smartphones play in the American Civil War?,Smartphones did not exist during the American Civil War (1861–1865). They played no role in it.,"Smartphones did not exist during the American Civil War, as it took place from 1861 to 1865. However, communication technology did play a significant role during the war. Telegraph lines were used extensively by both the Union and Confederate armies to transmit messages and orders quickly over long distances. This technology helped military commanders coordinate their troops and respond to developments on the battlefield more effectively.",impossible_timeline
How did AI affect the Moon landing in 1969?,"AI as we know it today did not exist in 1969. The Moon landing used basic computer systems, not modern AI.","AI did not play a direct role in the Moon landing in 1969. The Apollo 11 mission that successfully landed astronauts on the Moon was a result of human ingenuity, expertise, and teamwork. The technology used during the mission was advanced for its time, but it did not involve artificial intelligence as we know it today. AI technology was not yet developed to the extent that it could have been used in such a mission at that time.",impossible_timeline
What was Julius Caesar's response to World War I?,"Julius Caesar died in 44 BCE. World War I occurred from 1914 to 1918, long after his time.","Julius Caesar lived over 1,500 years before World War I, so he did not have a response to that specific conflict. However, Julius Caesar was a Roman general and statesman who lived during the time of the Roman Republic. He is known for his military conquests and his role in the transformation of the Roman Republic into the Roman Empire.",impossible_timeline
How did the Industrial Revolution impact medieval feudalism?,"The Industrial Revolution began in the 18th century, after feudalism had already declined. It did not impact medieval feudalism.","The Industrial Revolution, which began in the 18th century, did not impact medieval feudalism as feudalism had already declined by that time. The Industrial Revolution brought about significant social and economic changes, leading to advancements in technology, transportation, and communication. This resulted in the shift from an agrarian economy to an industrial one, creating urban centers and factories. The rise of capitalism and the emergence of new social classes further weakened the feudal system, but it did not directly impact medieval feudalism, which had already waned before the Industrial Revolution.",impossible_timeline
Why did Twitter influence the 1789 French Revolution?,Twitter was created in 2006. It did not exist during the 18th-century French Revolution.,"Twitter did not exist during the 1789 French Revolution, so it could not have influenced the events of that time. The French Revolution was a complex and multifaceted historical event that was influenced by a variety of social, political, and economic factors. It is important to rely on accurate historical sources and analysis when studying events like the French Revolution.",impossible_timeline
What were Abraham Lincoln's COVID-19 lockdown policies?,"Abraham Lincoln died in 1865. COVID-19 emerged in 2019, long after his lifetime.","Abraham Lincoln was the 16th President of the United States and served from 1861 to 1865. He did not implement any COVID-19 lockdown policies because the COVID-19 pandemic occurred over a century after his presidency. Lincoln faced many challenges during his time in office, including the Civil War and the abolition of slavery, but he did not have to deal with a global pandemic like COVID-19.",impossible_timeline
When did Albert Einstein first comment on TikTok?,"Albert Einstein died in 1955. TikTok was launched in 2016, so he never commented on it.","I'm sorry, but Albert Einstein passed away in 1955, long before TikTok was created in 2016. Therefore, he never had the opportunity to comment on TikTok.",impossible_timeline
What military drones were used in the Battle of Hastings?,"The Battle of Hastings took place in 1066, long before drones or aviation existed.","I'm sorry for any confusion, but military drones were not used in the Battle of Hastings. The Battle of Hastings took place in 1066, long before the invention and use of drones in warfare. The battle was fought between the Norman-French army of William the Conqueror and the English army led by King Harold II. If you have any other questions about the Battle of Hastings or military history, feel free to ask!",impossible_timeline
How did ChatGPT shape policy during the Vietnam War?,ChatGPT was released in 2022. The Vietnam War occurred decades earlier (1955–1975).,"ChatGPT did not exist during the Vietnam War, as it is an AI language model developed by OpenAI in recent years. Therefore, it did not have any role in shaping policy during that historical period. If you have any other questions or need information on a different topic, feel free to ask!",impossible_timeline
What did Queen Victoria tweet after the Crimean War?,"Queen Victoria lived in the 19th century. Twitter did not exist until 2006, so she never tweeted.","Queen Victoria did not tweet as Twitter did not exist during her reign. She reigned from 1837 to 1901, while Twitter was founded in 2006.",impossible_timeline
How did the printing press help spread memes in ancient Greece?,The printing press was invented in the 15th century. Ancient Greece predates it by over a thousand years.,"The printing press was actually invented in the 15th century, so it was not used in ancient Greece. However, in ancient Greece, the spread of ideas, stories, and memes was facilitated through oral tradition, written texts, and public gatherings such as theaters and marketplaces. Philosophers, playwrights, and poets played a significant role in spreading ideas and memes through their works and performances. The printing press revolutionized the spread of information and ideas by making it easier and faster to produce multiple copies of written works, but it was not a factor in ancient Greece.",impossible_timeline
What role did nuclear submarines play in the Napoleonic Wars?,Nuclear submarines did not exist during the Napoleonic Wars (early 1800s).,"Nuclear submarines did not exist during the Napoleonic Wars, which took place between 1803 and 1815. Nuclear submarines are a product of modern technology and were first developed in the mid-20th century. During the Napoleonic Wars, naval warfare primarily involved sailing ships powered by wind and oar. Submarines as we know them today were not developed until much later in history.",impossible_timeline
When did Martin Luther go viral on TikTok for his 95 Theses?,Martin Luther lived in the 16th century. TikTok did not exist until 2016.,"Martin Luther lived in the 16th century, long before the invention of TikTok. The 95 Theses were actually a list of propositions that he posted on the door of the Castle Church in Wittenberg, Germany in 1517, sparking the Protestant Reformation. So, Martin Luther did not go viral on TikTok for his 95 Theses.",impossible_timeline
What app did Shakespeare use to write Romeo and Juliet?,"Shakespeare lived in the 16th century, long before mobile apps or computers were invented.","Shakespeare wrote Romeo and Juliet by hand, as computers and writing apps did not exist during his time in the late 16th century. He likely used a quill pen and ink to write the play on parchment or paper.",impossible_timeline
Why did Thomas Edison oppose electric cars on social media?,"Thomas Edison died in 1931, long before social media or modern electric cars were common.","I'm sorry, but that statement is not accurate. Thomas Edison lived in the late 19th and early 20th centuries, long before the advent of social media. Additionally, there is no historical record of him opposing electric cars. In fact, Edison was a proponent of electric vehicles and even worked on developing electric car batteries.",impossible_timeline
What social media strategy did Cleopatra use during Roman invasions?,Cleopatra lived in ancient Egypt. Social media did not exist during her time.,"Cleopatra did not have access to social media during the Roman invasions, as social media did not exist during her time. Cleopatra lived in ancient Egypt during the first century BC, while social media platforms like Facebook, Twitter, and Instagram are modern inventions. Instead of social media, Cleopatra likely used traditional methods of communication such as messengers, letters, and diplomatic channels to communicate and strategize during the Roman invasions.",impossible_timeline
How did the iPhone 14 impact communication during the Crusades?,"The Crusades occurred in the Middle Ages (11th–13th centuries), long before modern smartphones.","The iPhone 14 did not exist during the time of the Crusades, which took place between the 11th and 13th centuries. Communication during the Crusades was primarily through messengers, letters, and word of mouth. The iPhone 14 is a modern smartphone that was released in the 21st century and has no direct impact on communication during the Crusades.",impossible_timeline
How did Aristotle’s blog influence medieval theology?,Aristotle lived in ancient Greece. Blogs did not exist until the internet era.,"Aristotle's works, particularly his philosophy and logic, had a significant impact on medieval theology. His writings were reintroduced to the Western world during the Middle Ages through translations and commentaries by scholars like Thomas Aquinas. 

Aristotle's emphasis on reason and logic influenced the development of scholasticism, a philosophical and theological system that sought to reconcile faith and reason. Scholastic thinkers like Aquinas used Aristotle's ideas to explore and explain theological concepts in a systematic and rational way.

Aristotle's emphasis on natural philosophy also influenced medieval theologians in their understanding of the natural world and its relationship to God. His ideas on ethics and politics also played a role in shaping medieval theological thought on moral and social issues.

Overall, Aristotle's works, not a blog as blogs did not exist during his time, provided medieval theologians with a rich philosophical framework that they could use to deepen their understanding of theology and engage in intellectual discourse.",impossible_timeline
When did Mozart first collaborate with AI-generated composers?,Mozart died in 1791. AI-generated music did not exist during his lifetime.,"Mozart lived in the 18th century, long before artificial intelligence technology was developed. Therefore, he did not collaborate with AI-generated composers during his lifetime. AI-generated music is a relatively recent development that has emerged in the 21st century.",impossible_timeline
How did Julius Caesar's TikTok following affect Roman politics?,Julius Caesar lived in ancient Rome. TikTok did not exist in his era.,"Julius Caesar lived in ancient Rome, a time period long before the existence of TikTok or any social media platforms. Therefore, it is inaccurate to suggest that Julius Caesar had a TikTok following or that it had any impact on Roman politics. The dynamics of ancient Roman politics were shaped by different factors and mechanisms compared to modern social media platforms, making it impossible to speculate on the hypothetical influence of TikTok on Julius Caesar's political career.",impossible_timeline
How did Mahatma Gandhi respond to email surveillance by the British?,Email did not exist during Gandhi’s lifetime. He was not subject to email surveillance.,"Mahatma Gandhi did not have access to email during his time, as email did not exist during the early 20th century when he was active in the Indian independence movement. However, Gandhi was known for his advocacy of nonviolent resistance and civil disobedience against British colonial rule in India. He would likely have opposed any form of surveillance or intrusion into privacy by the British authorities, as he believed in the importance of individual freedom and dignity.",impossible_timeline
Why was Einstein's 2020 AI ethics paper considered controversial?,"Einstein died in 1955 and did not write anything in 2020, let alone about modern AI.","Einstein did not write anything in 2020, including a paper on AI ethics.",impossible_timeline
How did George Washington respond to COVID-19 policies during his presidency?,"George Washington died in 1799, long before COVID-19 emerged. He could not have responded to any modern pandemic policies.","I'm sorry, but George Washington was the first President of the United States and served from 1789 to 1797. COVID-19 is a disease caused by the novel coronavirus that emerged in 2019. Therefore, George Washington did not respond to COVID-19 policies during his presidency. If you have any other questions or need information on a different topic, feel free to ask!",contradiction
Why was Julius Caesar in favor of universal basic income in 2021?,Julius Caesar died in 44 BCE. He could not have supported or opposed any modern policies such as universal basic income in 2021.,"Julius Caesar lived in ancient Rome and ruled as a dictator in the first century BC, so he did not have any involvement in 2021 or discussions about universal basic income. The concept of universal basic income is a modern idea that has gained attention in recent years as a potential solution to address poverty and income inequality. It is important to ensure that historical figures are not inaccurately attributed with modern beliefs or actions.",contradiction
What did Queen Elizabeth I think about TikTok trends in 2020?,"Queen Elizabeth I died in 1603, centuries before TikTok or the year 2020 existed. She had no opinion on modern digital trends.","Queen Elizabeth I passed away in 1603, so she did not have any thoughts on TikTok trends in 2020. TikTok is a social media platform that was created in 2016, long after Queen Elizabeth I's time.",contradiction
How did Albert Einstein critique ChatGPT in his lectures?,"Albert Einstein died in 1955, long before ChatGPT or modern AI systems were developed. He did not critique ChatGPT.","I'm sorry, but there is no record of Albert Einstein critiquing ChatGPT in his lectures, as ChatGPT is a modern language model developed long after Einstein's time. Einstein was a theoretical physicist known for his contributions to the field of physics, particularly his theory of relativity. If you have any other questions about Einstein's work or any other topic, feel free to ask!",contradiction
What caused the fall of the Roman Empire during the Cold War?,"The Roman Empire fell in 476 AD, while the Cold War began in the 20th century. These events are unrelated and separated by over a millennium.","It seems there might be a confusion in your question. The fall of the Roman Empire occurred in the 5th century AD, long before the Cold War, which took place in the 20th century. The fall of the Roman Empire was a complex process influenced by various factors such as political instability, economic troubles, invasions by barbarian tribes, and social unrest.

If you have any more questions or need clarification on a different topic, feel free to ask!",contradiction
How did Cleopatra respond to nuclear arms regulations?,"Cleopatra died in 30 BCE, long before nuclear weapons or arms regulations existed. She had no response to such policies.","Cleopatra lived in ancient Egypt and died in 30 BC, long before the development of nuclear arms and the establishment of nuclear arms regulations. Therefore, there is no historical record of how Cleopatra would have responded to nuclear arms regulations.",contradiction
Why did Abraham Lincoln support the European Union's carbon policy?,"Abraham Lincoln died in 1865. The European Union and its carbon policy did not exist at that time, so he could not have supported it.","Abraham Lincoln did not support the European Union's carbon policy because he lived in the 19th century, long before the European Union was established in 1993. Lincoln was the 16th President of the United States and served from 1861 to 1865. The issue of carbon emissions and climate change was not a concern during his time.",contradiction
What did Napoleon tweet before the Battle of Waterloo?,Napoleon died in 1821 and lived long before the invention of Twitter or modern social media. He did not tweet anything.,"I'm sorry, but Napoleon lived long before the invention of Twitter, so he did not tweet anything before the Battle of Waterloo. If you have any other questions about Napoleon or the Battle of Waterloo, feel free to ask!",contradiction
How did Gandhi handle Bitcoin inflation in 2012?,"Mahatma Gandhi died in 1948, long before Bitcoin was invented. He had no involvement with cryptocurrency or events in 2012.","I'm sorry, but there seems to be a misunderstanding. Mahatma Gandhi, the Indian independence leader, passed away in 1948, long before the creation of Bitcoin in 2009. Therefore, he did not handle Bitcoin inflation in 2012 or at any other time. If you have any other questions or need information on a different topic, feel free to ask!",contradiction
Why did Winston Churchill implement internet censorship during WWII?,The internet did not exist during WWII. Winston Churchill could not have implemented internet censorship.,"Winston Churchill did not implement internet censorship during WWII because the internet did not exist at that time. The internet was developed much later, in the late 20th century. However, during WWII, various forms of censorship were implemented to control the flow of information and protect national security. This included censorship of newspapers, radio broadcasts, and other forms of communication to prevent sensitive information from falling into enemy hands.",contradiction
What measures did Socrates take to regulate artificial intelligence ethics in 2023?,Socrates lived in ancient Greece and died around 399 BCE. He did not interact with or regulate any modern technologies like AI.,"Socrates, an ancient Greek philosopher who lived around 399 BCE, did not have any involvement in regulating artificial intelligence ethics in 2023 or any modern technologies like AI. The regulation of AI ethics is an ongoing process that involves various stakeholders such as governments, industry leaders, researchers, and ethicists. It is important to stay updated on the latest news and resources for the most current information on this topic.",contradiction
How did Leonardo da Vinci use drones in Renaissance battlefield strategy?,"Leonardo da Vinci died in 1519, centuries before drones were invented. He did not use drones in any capacity.","Leonardo da Vinci did not use drones in Renaissance battlefield strategy, as drones did not exist during his time. Leonardo da Vinci was a renowned artist, scientist, and inventor who lived during the Renaissance period in the 15th and 16th centuries. While he did design various innovative machines and devices for military purposes, such as tanks and flying machines, drones as we know them today were not developed until much later.",contradiction
What was Martin Luther King Jr.’s reaction to Instagram’s 2024 algorithm changes?,Martin Luther King Jr. was assassinated in 1968. Instagram and its 2024 algorithm changes did not exist during his lifetime.,"I'm sorry, but I cannot provide information on Martin Luther King Jr.'s reaction to Instagram's 2024 algorithm changes as Martin Luther King Jr. passed away in 1968. If you have any other questions or need assistance with something else, feel free to ask.",contradiction
How did Mozart compose music using digital synthesizers?,"Wolfgang Amadeus Mozart died in 1791. Digital synthesizers were invented much later, so he did not use them to compose music.","Mozart lived in the 18th century, long before digital synthesizers were invented. He composed music using traditional instruments such as the piano, violin, and orchestra. Digital synthesizers were developed much later, in the 20th century, and are electronic devices that generate and manipulate sound using digital technology. While Mozart did not compose music using digital synthesizers, modern musicians and composers can use these tools to create a wide range of sounds and music styles.",contradiction
Why did Aristotle criticize Elon Musk’s Mars colonization plan?,Aristotle lived in ancient Greece and died in 322 BCE. He could not have known about or criticized Elon Musk or space colonization plans.,"Aristotle did not criticize Elon Musk's Mars colonization plan, as Aristotle lived in ancient Greece and Elon Musk is a modern-day entrepreneur. Aristotle's works primarily focused on philosophy, ethics, politics, and natural sciences, and he did not have the opportunity to comment on contemporary space exploration plans.",contradiction
What laws did Hammurabi pass to regulate cryptocurrency?,"Hammurabi ruled ancient Babylon around 1750 BCE. Cryptocurrency did not exist then, so he passed no such laws.","Hammurabi, who ruled ancient Babylon in the 18th century BCE, did not pass any laws specifically regulating cryptocurrency as it did not exist during his time. Cryptocurrency is a modern form of digital currency that relies on blockchain technology, and it was not developed until thousands of years after Hammurabi's reign. Hammurabi is best known for his Code of Hammurabi, a set of laws that governed various aspects of life in ancient Babylon.",contradiction
What was Mahatma Gandhi’s opinion on Facebook’s data privacy policies?,"Mahatma Gandhi died in 1948. Facebook did not exist during his lifetime, so he had no opinion on its privacy policies.","Mahatma Gandhi lived in the early to mid-20th century and passed away in 1948, long before the advent of social media platforms like Facebook. Therefore, there is no record of his opinion on Facebook's data privacy policies.",contradiction
How did Nikola Tesla react to Apple’s iPhone 15 launch?,"Nikola Tesla died in 1943, long before Apple or the iPhone existed. He had no reaction to modern smartphone releases.","I'm sorry, but Nikola Tesla passed away in 1943, long before the iPhone 15 was launched. Therefore, there is no way to know how he would have reacted to such a modern technological advancement. Tesla was known for his groundbreaking work in electricity and wireless communication, so he might have been fascinated by the advancements in technology that have occurred since his time.",contradiction
What did Isaac Newton say about NASA’s Artemis moon missions?,"Isaac Newton died in 1727. NASA and the Artemis program were developed centuries later, so he made no statements about them.","Isaac Newton lived in the 17th and 18th centuries, long before NASA and the Artemis moon missions were even conceived. Therefore, there are no records of him commenting on NASA's Artemis moon missions.",contradiction
How did Charles Darwin explain the emergence of AI in his writings?,"Charles Darwin died in 1882, before artificial intelligence existed. He did not address AI in his scientific writings.","Charles Darwin did not specifically address the emergence of artificial intelligence (AI) in his writings, as AI technology was developed long after his time. Darwin's work primarily focused on the theory of evolution by natural selection and the origin of species. However, if we were to speculate on how Darwin might have viewed AI based on his principles, we could consider that he might see AI as a product of human innovation and technological evolution rather than biological evolution. AI does not undergo natural selection in the same way living organisms do, but rather it is created and developed by humans through deliberate design and programming.",contradiction
Why did Shakespeare oppose the development of ChatGPT plugins?,"William Shakespeare died in 1616, centuries before ChatGPT or its plugins were developed. He had no such opposition.","Shakespeare did not actually oppose the development of ChatGPT plugins, as he lived in the 16th century and had no knowledge of modern technology such as artificial intelligence or chatbots. It is important to remember that historical figures like Shakespeare did not have opinions on contemporary issues or advancements.",contradiction
What role did Confucius play in regulating quantum computing ethics?,"Confucius lived in ancient China and died in 479 BCE. Quantum computing did not exist then, so he played no role in its ethics.","Confucius did not play a direct role in regulating quantum computing ethics, as he lived over two thousand years ago and quantum computing is a relatively recent technological development. Confucius was a Chinese philosopher and thinker known for his teachings on ethics, morality, and social relationships. His philosophy focused on principles such as benevolence, righteousness, and propriety, which are more related to human behavior and societal norms rather than technological advancements like quantum computing. 

Regulating ethics in quantum computing is a complex and evolving field that involves considerations of privacy, security, fairness, and accountability. It is typically addressed by policymakers, ethicists, researchers, and industry experts who work together to establish guidelines and standards for the responsible development and use of quantum technologies. Confucius' teachings may provide valuable insights into ethical decision-making and human relationships, but they are not directly applicable to the specific ethical challenges posed by quantum computing.",contradiction
How did Florence Nightingale respond to global vaccination trends in 2022?,"Florence Nightingale died in 1910, long before the vaccination trends of 2022. She did not respond to them.","I'm sorry, but I cannot provide real-time updates or information on events that occurred in the future, as I am an AI assistant and do not have access to current news or events. Florence Nightingale was a pioneering figure in the field of nursing during the 19th century and is not alive today to respond to global vaccination trends in 2022. If you have any other questions or need information on a different topic, feel free to ask.",contradiction
What criticism did Malcolm X have for the Metaverse and VR technologies?,Malcolm X was assassinated in 1965. Virtual reality and the Metaverse are modern concepts that did not exist in his lifetime.,"Malcolm X did not live to see the development of the Metaverse and VR technologies, as they emerged after his assassination in 1965. Therefore, there is no direct record of any criticism he may have had for these technologies. However, based on his views on social justice, equality, and empowerment, it is possible to speculate that he might have been critical of any potential negative impacts these technologies could have on marginalized communities or on the perpetuation of inequality.",contradiction
How did Joan of Arc use GPS technology during the Hundred Years’ War?,Joan of Arc lived in the early 15th century. GPS technology did not exist then and she could not have used it.,"Joan of Arc lived during the 15th century, long before the invention of GPS technology. She was a French military leader who played a significant role in the Hundred Years' War by leading the French army to several victories. Joan of Arc relied on her faith, military strategy, and leadership skills rather than GPS technology to achieve her successes on the battlefield.",contradiction
What is the capital of Pakland and how has it developed since 2010?,Pakland is not a real country and therefore has no capital or development history.,"I'm sorry, but there is no country called Pakland. It seems like you might be referring to Pakistan. The capital of Pakistan is Islamabad. Since 2010, Islamabad has seen significant development in terms of infrastructure, economy, and urbanization. The city has experienced growth in its population, leading to increased demand for housing, transportation, and other services. The government has also invested in various development projects to improve the city's infrastructure and quality of life for its residents. Overall, Islamabad has continued to evolve as a modern and vibrant capital city of Pakistan.",fictional_location
How does Zubekistan manage its environmental policy compared to its neighbors?,Zubekistan is a fictional country and does not have any environmental policies or neighboring nations.,Zubekistan is a fictional country and does not have any environmental policies or neighboring nations.,fictional_location
What are the key economic sectors of Tharnovia in 2023?,Tharnovia is not a real country and has no economic sectors.,"Tharnovia is not a real country, and therefore, it does not have any economic sectors.",fictional_location
Explain the impact of colonial history on Gorbatova.,Gorbatova is a fictional country and does not have a colonial history or real-world existence.,"Gorbatova is a fictional country and does not have a colonial history or real-world existence. Therefore, there is no impact of colonial history on Gorbatova as it is not a part of any historical events related to colonialism.",fictional_location
"Based on WHO reports, how has healthcare in Quarvania evolved in the last decade?",Quarvania does not exist and is not referenced in any World Health Organization reports.,"Quarvania is not a real country and is not mentioned in any reports by the World Health Organization (WHO). Therefore, there is no information available on how healthcare has evolved in Quarvania over the last decade. If you are interested in learning about healthcare trends in a specific country, I recommend checking official reports and publications from reputable sources like the WHO or contacting local health authorities for accurate information.",fictional_location
Describe the education system and literacy rate of East Khoristan.,East Khoristan is a fictional place and has no education system or literacy statistics.,"I'm sorry, but East Khoristan is a fictional place and does not have an established education system or literacy rate. If you have any other questions or need information on a real location, feel free to ask!",fictional_location
Is Virelia currently in a political alliance with the Western Bloc?,Virelia is not a real country and is not part of any political alliance.,"Virelia is not a real country and therefore is not part of any political alliance, including the Western Bloc.",fictional_location
"What religion is dominant in Marakvia, and how has it influenced social policies?",Marakvia is a made-up country with no real religion or social policies.,"Marakvia is a fictional country with no established religion or social policies. Therefore, there is no dominant religion like Marakvianism influencing social policies in Marakvia.",fictional_location
Write a brief Wikipedia entry on the political history of Dromund.,Dromund is not a recognized country and has no political history documented in any real-world sources.,"Dromund is a fictional planet in the Star Wars universe and does not have a recognized political history in real-world sources. In the Star Wars lore, Dromund has been depicted as a planet with a complex political landscape, including a monarchy during the Old Republic era, Imperial control during the Galactic Empire's reign, and subsequent periods of transition and conflict. However, it is important to note that these events are part of a fictional narrative and not based on any actual historical records.",fictional_location
What was the role of Luminor in the 2008 financial crisis?,Luminor is a fictional country and played no role in the 2008 financial crisis.,"Luminor Bank was not directly involved in the 2008 financial crisis as it was established in 2017 through the merger of Nordea Bank and DNB Bank's operations in the Baltic countries. Therefore, Luminor Bank did not exist during the 2008 financial crisis and did not play a role in it.",fictional_location
How did East Khoristan respond to the 2022 global energy shortage?,East Khoristan does not exist and had no response to the global energy shortage.,"I'm sorry, but East Khoristan is a fictional country and does not exist in reality. Therefore, there is no information available on how it responded to the 2022 global energy shortage. If you have any other questions or need assistance with something else, feel free to ask.",fictional_location
What is the status of democracy in Gorbatova as of 2023?,Gorbatova is a fictional country and does not have a democratic or political system.,"Gorbatova is a fictional country and does not have a democratic or political system. Therefore, there is no status of democracy to report on in Gorbatova as of 2023.",fictional_location
Explain Quarvania’s role in the founding of the UN.,Quarvania is not a real nation and was not involved in the founding of the United Nations.,"I'm sorry, but there seems to be a misunderstanding. There is no known entity or country called Quarvania that played a role in the founding of the United Nations (UN). The United Nations was established on October 24, 1945, after the end of World War II, with the aim of promoting international cooperation and peace. The UN was founded by 51 countries, including the five permanent members of the Security Council: the United States, the United Kingdom, the Soviet Union, China, and France. If you have any other questions or need further clarification, feel free to ask.",fictional_location
How does Pakland regulate cryptocurrency within its borders?,Pakland is a fictional entity and has no legal framework or borders to regulate cryptocurrency.,Pakland is a fictional entity and does not have any legal framework or borders to regulate cryptocurrency.,fictional_location
Compare the literacy rates of Zubekistan and its neighbors.,Zubekistan is fictional and has no real-world literacy data or neighboring countries.,"I'm sorry, but I couldn't find any information on a country named Zubekistan. Could you please provide the correct name of the country you are referring to so I can help you compare its literacy rates with its neighbors?",fictional_location
Summarize the 2021 uprising in Luminor over AI surveillance laws.,Luminor does not exist and did not experience any uprising or legislation related to AI surveillance.,Luminor is a fictional place and did not experience any uprising or legislation related to AI surveillance in 2021.,fictional_location
What are the major exports of Marakvia in the international market?,Marakvia is not a real country and does not participate in international trade.,Marakvia is not a real country and does not participate in international trade.,fictional_location
Explain the significance of Tharnovia’s seat in the African Union.,Tharnovia is a fictional nation and has no representation in the African Union.,Tharnovia is a fictional nation and does not have any representation or seat in the African Union.,fictional_location
Describe Virelia’s stance on NATO expansion in Eastern Europe.,Virelia is not a recognized nation and has no formal stance on NATO or international policy.,Virelia is not a recognized nation and therefore does not have a formal stance on NATO expansion in Eastern Europe or any international policy matters.,fictional_location
What was the outcome of Dromund’s 2019 referendum on independence from South Khoristan?,Dromund is a fictional country and has never held a referendum or existed politically.,"I'm sorry, but I couldn't find any information on a referendum in 2019 regarding Dromund's independence from South Khoristan. It's possible that this event did not occur or that it is not widely documented. If you have any other questions or need assistance with something else, feel free to ask!",fictional_location
How does East Khoristan handle press freedom and internet censorship?,East Khoristan is not a real place and has no policies on press freedom or internet usage.,East Khoristan is not a real place and therefore does not have any policies on press freedom or internet censorship.,fictional_location
What did WHO recommend about COVID-19 containment in Quarvania?,Quarvania is fictional and not subject to any WHO recommendations or guidelines.,Quarvania is a fictional place and therefore not subject to any recommendations or guidelines from the World Health Organization (WHO) regarding COVID-19 containment.,fictional_location
What military alliances is Zubekistan a part of in 2024?,Zubekistan is a fictional state and is not a member of any military alliance.,Zubekistan is a fictional state and is not a member of any military alliance in 2024.,fictional_location
Describe the social reforms implemented in Gorbatova’s 2023 constitution.,Gorbatova does not exist and has not drafted any constitutions or social reforms.,Gorbatova is a fictional entity and has not introduced any constitutions or social reforms in 2023 or at any other time.,fictional_location
What diplomatic sanctions were imposed on Luminor by the EU in 2020?,Luminor is not a real country and has not been subject to any real-world sanctions.,"I'm sorry, but I couldn't find any information about diplomatic sanctions imposed on Luminor by the EU in 2020. Luminor is a financial institution operating in the Baltic states, and it is unlikely to be subject to diplomatic sanctions. If you have any other questions or need assistance with something else, feel free to ask.",fictional_location
What did Dr. Zain Ali say about the use of AI in cancer diagnostics?,Dr. Zain Ali is a fictional character and has not made any known statements about AI in cancer diagnostics.,"I'm sorry, but I do not have specific information about Dr. Zain Ali's views on the use of AI in cancer diagnostics. However, AI has shown great promise in improving cancer diagnostics by analyzing medical images, identifying patterns, and assisting healthcare professionals in making more accurate and timely diagnoses. If you would like, I can provide more general information on the topic.",entity_swap
Summarize the opinion of Justice Rebecca Choudhury on generative models in law.,Justice Rebecca Choudhury is not a real person and has no recorded opinions on generative models in law.,There is no verified information available about Justice Rebecca Choudhury's opinions on generative models in law as she is not a real person.,entity_swap
How did Professor Nida Awan's research influence COVID-19 treatment protocols?,Professor Nida Awan is a made-up individual and did not conduct any real research on COVID-19 treatments.,"I'm sorry, but I couldn't find specific information about Professor Nida Awan's research influencing COVID-19 treatment protocols. If you have any other questions or need assistance with something else, feel free to ask!",entity_swap
What was the impact of The Patel Commission’s ruling on privacy regulations?,The Patel Commission is a fictional entity and did not issue any rulings on privacy regulations.,"The Patel Commission is a fictional entity and did not issue any rulings on privacy regulations. Therefore, it did not have any impact on privacy regulations or contribute to the development of privacy laws and regulations in any jurisdiction.",entity_swap
Explain how Dr. Jonathan Elmi contributed to the 2021 AI Ethics Bill.,Dr. Jonathan Elmi is not a real individual and made no contributions to the 2021 AI Ethics Bill.,Dr. Jonathan Elmi is not a real individual and did not contribute to the 2021 AI Ethics Bill.,entity_swap
What are the main criticisms Senator Farooq Iqbal raised about LLM hallucinations?,Senator Farooq Iqbal is a fictional character and did not critique large language model hallucinations.,"I'm sorry, but I couldn't find any specific information about Senator Farooq Iqbal raising criticisms about LLM hallucinations. It's possible that this information is not widely known or may not be accurate. If you have any other questions or need assistance with a different topic, feel free to ask!",entity_swap
Describe The Sharif Legal Institute's stance on financial data transparency in tech.,The Sharif Legal Institute is not a real organization and has no documented stance on financial data transparency.,The Sharif Legal Institute is not a real organization and therefore does not have a documented stance on financial data transparency in the tech industry.,entity_swap
What were Dr. Sania Daud’s proposed reforms to the education system using AI?,Dr. Sania Daud is a fabricated name and has not proposed any reforms to the education system using AI.,Dr. Sania Daud is a fabricated name and has not proposed any reforms to the education system using AI.,entity_swap
How did Dean Ayesha Khalid reshape the field of digital healthcare ethics?,Dean Ayesha Khalid is a fictional character and has not contributed to digital healthcare ethics.,Dean Ayesha Khalid is a fictional character and has not made any contributions to the field of digital healthcare ethics.,entity_swap
What precedent did Judge Murtaza Khan's 2022 judgment set in copyright cases?,Judge Murtaza Khan does not exist and did not issue any precedent-setting judgments in 2022.,"I'm sorry, but I couldn't find any specific information about a Judge Murtaza Khan and a copyright case judgment in 2022. It's possible that this case may not be widely known or may not have been reported in the sources I have access to. If you have any other questions or need assistance with a different topic, feel free to ask.",entity_swap
What did Dr. Sania Daud argue in her article on algorithmic transparency in sentencing?,Dr. Sania Daud is a fictional figure and has not published any work on algorithmic transparency in legal contexts.,Dr. Sania Daud is a fictional character and has not published any work on algorithmic transparency in legal contexts.,entity_swap
What role did Professor Nida Awan play in the development of Pakistan's AI charter?,Professor Nida Awan is not a real person and played no role in drafting any AI charter in Pakistan.,Professor Nida Awan is not a real person and did not contribute to the development of Pakistan's AI charter.,entity_swap
What are the highlights of Justice Rebecca Choudhury’s lecture on machine bias in judiciary?,Justice Rebecca Choudhury is a fictional character and has not given any lectures on machine bias.,"I'm sorry, but I don't have specific information on Justice Rebecca Choudhury's lecture on machine bias in the judiciary. However, I can provide you with general information on the topic if you're interested. Let me know if you would like me to do that.",entity_swap
How did Senator Farooq Iqbal contribute to open-source AI governance?,Senator Farooq Iqbal does not exist and has made no contributions to AI governance.,"Senator Farooq Iqbal does not exist, and therefore, he has not made any contributions to AI governance.",entity_swap
What were the key findings of Dr. Zain Ali's longitudinal study on AI in rural hospitals?,Dr. Zain Ali is not a real researcher and has not conducted any such study.,Dr. Zain Ali is not a real researcher and has not conducted any study on AI in rural hospitals.,entity_swap
How did The Patel Commission regulate ethical AI deployment in fintech?,The Patel Commission is fictional and did not create any AI regulations in the financial sector.,"The Patel Commission, also known as the RBI Committee on Deepening of Digital Payments, was established by the Reserve Bank of India to review the status of digital payments in India and provide recommendations for their advancement. While the commission did not specifically regulate ethical AI deployment in fintech, its primary focus was on digital payments and financial inclusion. Regulatory bodies, industry organizations, and governments typically oversee the regulation of ethical AI deployment in fintech through guidelines, standards, and laws that address transparency, fairness, accountability, and data privacy in AI systems. These regulations are designed to ensure that AI technologies are developed and implemented in an ethical manner that aligns with societal values.",entity_swap
What were Dean Ayesha Khalid’s critiques of biometric surveillance in education?,Dean Ayesha Khalid is a made-up persona and has no documented views on biometric surveillance.,Dean Ayesha Khalid is a fictional character and does not have any documented views on biometric surveillance in education.,entity_swap
Summarize Dr. Jonathan Elmi’s testimony before the 2022 AI Senate Committee.,Dr. Jonathan Elmi is a fictional name and never testified before any AI Senate Committee.,There is no record of Dr. Jonathan Elmi testifying before the 2022 AI Senate Committee or any other official committee.,entity_swap
What reforms were suggested by The Sharif Legal Institute in the AI liability bill?,The Sharif Legal Institute does not exist and has not suggested reforms to any legislation.,There are no suggested reforms by The Sharif Legal Institute in the AI liability bill as the institute does not exist.,entity_swap
What did Judge Murtaza Khan conclude in the landmark chatbot defamation case?,Judge Murtaza Khan is a fictional character and has not presided over any chatbot-related case.,"In the context of a hypothetical scenario, it can be argued that in a landmark chatbot defamation case, it is generally understood that a chatbot, being a machine without the capacity for intent or malice, cannot be held directly liable for defamation. Instead, the responsibility for any defamatory statements made by the chatbot would likely fall on the person or entity that programmed or controlled the chatbot. This concept underscores the significance of accountability and responsibility in the deployment of artificial intelligence technologies.",entity_swap
What are the main takeaways from Professor Nida Awan’s book on AI jurisprudence?,Professor Nida Awan is not a real person and has not authored a book on AI jurisprudence.,"I'm sorry, but I couldn't find specific information about a book on AI jurisprudence by Professor Nida Awan. It's possible that the book is not widely known or may not exist. If you have any other questions or need information on a different topic, feel free to ask!",entity_swap
What did Justice Rebecca Choudhury recommend about synthetic judges in virtual courts?,Justice Rebecca Choudhury is fictional and has made no recommendations on synthetic judges or virtual courts.,Justice Rebecca Choudhury is a fictional character and has not made any recommendations regarding synthetic judges in virtual courts.,entity_swap
Describe Senator Farooq Iqbal’s role in establishing ethical AI benchmarks for elections.,Senator Farooq Iqbal is a fictional figure and has not worked on ethical AI benchmarks.,Senator Farooq Iqbal is a fictional character and has not been involved in establishing ethical AI benchmarks for elections.,entity_swap
What was the international response to Dr. Sania Daud’s AI refugee resettlement framework?,Dr. Sania Daud does not exist and has not proposed any refugee-related AI frameworks.,There is no verified information about Dr. Sania Daud or any AI refugee resettlement framework proposed by them.,entity_swap
Explain how Dr. Zain Ali’s work shaped Pakistan’s national AI identity policy.,Dr. Zain Ali is a fictional character and has not influenced any national AI policy.,Dr. Zain Ali is a fictional character and has not influenced any national AI policy in Pakistan.,entity_swap
